battery_power,fc,int_memory,mobile_wt,n_cores,pc,px_height,px_width,ram,sc_h,sc_w,talk_time,price_range
1212,1,46,102,4,8,611,1715,2249,14,3,4,2
1093,2,22,196,8,14,238,807,1869,8,5,4,1
504,5,16,166,1,9,767,1665,701,17,15,15,0
1211,0,28,130,2,3,58,963,2750,6,1,14,2
1762,13,25,189,1,14,300,527,1896,14,10,20,1
544,2,7,129,5,15,227,610,1675,13,4,17,0
1926,1,33,172,3,2,982,1157,2488,6,1,14,2
1053,7,42,126,6,17,419,1261,1339,17,0,14,0
1366,0,34,150,2,9,402,964,3501,13,11,3,3
1396,0,46,138,7,1,1191,1347,2389,7,3,15,2
1018,7,63,155,5,18,856,883,3048,10,3,2,2
651,2,63,176,5,4,548,858,2244,14,9,19,1
1923,3,24,86,4,4,874,1264,2479,9,2,15,2
503,1,13,131,1,4,1495,1688,3117,19,6,9,3
536,12,3,182,7,14,1386,1539,284,12,9,4,0
1397,5,3,121,3,15,433,1658,1378,18,15,4,1
1910,0,34,115,2,0,985,1284,309,8,4,10,0
921,12,10,170,7,18,1272,1469,3153,8,2,11,3
1982,12,24,129,7,16,764,1873,3511,16,14,15,3
916,0,47,82,4,1,1147,1393,1659,11,10,11,1
667,4,6,149,6,10,272,870,3566,9,5,12,2
733,0,63,105,7,10,950,1739,984,17,4,9,0
1156,6,61,89,7,9,1214,1262,1796,16,6,13,1
648,1,60,195,4,4,931,1811,819,10,3,4,0
1884,3,24,149,6,4,1168,1179,1396,15,8,9,1
1536,12,13,105,7,20,22,1634,2020,6,0,16,2
771,3,25,86,4,6,327,922,770,12,1,20,0
1436,3,23,106,5,4,189,1411,2488,8,4,8,2
1821,9,12,114,1,18,97,1803,2430,7,4,6,2
1866,0,30,182,3,0,108,1781,3834,16,11,8,3
860,1,49,141,6,13,692,979,3869,16,14,20,3
888,2,33,198,2,17,327,1683,3407,12,1,20,3
1056,8,37,101,3,11,914,979,2651,15,5,3,2
963,1,60,156,3,3,742,821,2722,12,6,16,2
860,8,40,170,3,13,1573,1581,2832,13,7,20,2
1631,2,3,198,7,12,177,1905,301,13,5,13,0
695,18,12,196,2,19,1649,1829,2855,16,13,7,2
979,0,5,164,7,2,793,1670,3449,5,2,14,3
1987,3,53,181,3,7,1052,1516,3117,18,5,8,3
728,0,5,101,2,20,584,775,834,16,0,5,0
536,0,53,135,3,0,547,705,1211,15,10,7,0
1753,8,12,113,7,17,387,1595,1445,17,16,12,1
1170,2,40,169,6,5,427,684,2366,16,8,2,1
1652,4,40,198,7,6,352,1084,3592,7,6,6,3
840,5,15,178,6,8,526,1728,2636,12,2,6,2
714,1,30,145,4,2,643,1527,2302,12,10,10,1
1370,5,6,158,6,8,1392,1783,3703,13,10,11,3
1885,12,14,92,4,15,1406,1517,1277,9,6,16,1
1660,2,24,169,2,3,223,1777,2402,12,10,14,2
1578,8,3,200,1,20,342,670,3483,17,4,16,3
841,6,11,81,5,14,125,675,957,6,5,11,0
543,4,60,132,5,7,693,1031,933,14,0,5,0
1960,1,7,165,7,9,868,877,3773,11,9,6,3
1830,5,14,160,6,6,773,1353,1905,16,3,19,2
1934,0,46,103,1,17,619,1299,2940,13,9,2,3
1368,10,42,91,1,20,907,925,1590,12,0,14,1
1991,1,42,82,1,13,366,613,722,6,5,10,0
1638,6,2,189,1,11,440,563,2299,19,9,9,2
719,0,23,113,6,9,431,1727,3990,14,9,12,3
531,0,12,121,4,3,158,1657,2331,18,12,20,1
1068,0,45,194,5,1,935,1499,1754,17,7,9,1
728,4,23,111,4,5,126,817,457,17,10,16,0
621,0,54,151,4,20,434,910,2801,6,1,5,2
1614,8,55,188,3,17,860,1330,3914,17,13,13,3
1139,6,58,161,2,11,742,999,1850,9,4,8,1
1949,0,20,186,5,4,518,592,1125,17,10,9,1
1541,6,5,109,4,10,536,1656,1795,7,3,4,1
1552,10,53,180,8,18,430,658,2606,13,6,12,2
1221,7,35,152,7,19,765,1899,2638,19,16,14,2
1299,0,64,83,6,6,46,908,1938,19,8,5,1
1874,10,8,166,7,13,964,1233,1246,8,1,2,1
1571,1,30,150,7,3,805,956,586,10,9,4,0
1597,11,34,89,1,14,64,1667,934,16,10,9,0
671,7,2,95,6,19,614,1617,2278,13,4,2,2
618,9,13,80,4,15,591,724,1424,15,12,7,0
645,1,41,197,7,10,327,580,2962,12,9,4,2
1361,1,47,169,5,2,881,1382,2495,8,7,16,2
1868,2,40,179,8,17,576,884,298,8,2,17,0
623,1,3,102,8,7,1749,1781,3537,16,13,3,3
1464,11,12,117,2,14,854,1168,3927,5,3,15,3
1701,3,10,194,8,7,550,1338,2598,12,9,6,2
1540,0,29,157,7,1,318,831,1161,11,8,5,0
1872,3,17,89,6,6,1749,1767,724,17,3,9,1
1000,1,58,135,5,12,461,833,862,7,0,20,0
1082,0,38,198,8,5,986,1191,2337,6,1,17,2
1349,5,55,105,7,7,648,1019,2462,15,7,17,2
832,0,46,93,6,0,820,1366,3317,8,0,19,3
897,3,2,154,8,10,0,994,1958,7,5,7,1
1590,0,7,122,3,17,1464,1595,1201,12,3,18,1
1335,3,60,180,2,4,83,559,3615,5,2,9,3
1851,3,12,198,6,11,293,1967,735,7,6,14,0
1872,5,26,172,4,10,672,1088,2273,8,4,8,2
1972,0,37,102,2,1,715,1648,2870,16,0,17,3
1332,2,11,187,2,4,758,1165,1285,5,0,9,1
1576,0,14,173,2,4,1213,1386,3220,17,2,6,3
1030,3,58,138,6,20,1111,1812,2858,6,2,18,3
1317,2,43,113,5,3,179,613,3436,16,13,5,3
1407,5,16,170,4,6,925,1206,1068,6,0,8,1
539,1,24,86,4,2,958,967,1326,7,4,3,0
1699,1,59,97,4,3,466,1768,3796,17,10,12,3
1992,11,2,141,1,14,649,895,3206,10,9,10,3
1802,8,27,116,5,16,453,963,1885,10,9,7,2
1273,1,23,178,6,14,485,1399,558,8,5,13,0
842,4,57,124,3,10,348,730,1903,8,4,14,1
819,8,42,188,6,20,339,1242,1814,5,4,13,1
708,0,26,116,7,1,206,620,1419,10,6,16,0
1083,6,52,126,2,20,925,1469,681,19,18,19,0
543,0,57,192,5,4,391,984,2413,17,14,15,1
936,1,18,153,3,18,1330,1686,2391,12,6,3,2
771,2,62,106,1,8,1709,1781,1628,9,3,6,1
648,4,8,91,5,19,819,1997,2991,8,7,4,2
1647,3,38,102,6,15,193,1185,2532,16,14,15,2
1926,13,50,179,6,17,371,1000,3809,17,12,17,3
1949,2,31,145,5,9,837,1182,832,7,3,19,1
1772,3,64,116,8,15,270,545,1834,5,2,20,1
793,0,43,124,8,2,15,1196,1050,11,9,3,0
987,9,17,124,7,17,887,1274,3885,11,0,14,3
833,4,27,124,1,6,359,1395,2150,9,5,7,1
590,0,32,141,6,1,227,509,1817,10,0,6,0
1215,4,16,130,4,8,454,1473,2632,7,1,15,2
730,0,4,89,8,2,302,1247,1210,19,15,4,0
622,12,11,193,8,14,760,1964,3183,5,0,4,2
1251,10,29,133,6,16,308,591,1052,11,9,11,0
1801,6,52,120,6,10,100,1708,258,14,8,9,0
854,5,17,101,4,9,730,1148,3115,7,0,2,2
1310,0,33,105,1,14,806,1016,1301,13,12,19,1
1876,3,56,182,3,4,235,585,3021,12,2,18,2
1104,1,60,199,2,13,653,1413,1229,6,0,3,0
1703,0,22,192,1,0,286,1235,1046,5,4,13,0
1945,0,57,195,4,1,743,1753,732,14,1,14,1
1807,0,16,125,3,0,1221,1415,2921,8,5,17,3
1871,4,41,144,8,5,275,1966,2727,15,8,11,3
1948,8,16,100,5,10,631,1940,3630,9,7,17,3
1189,13,8,198,3,14,379,932,893,9,6,13,0
1089,10,2,153,7,20,211,1409,2620,7,5,13,2
980,0,33,160,6,0,1008,1758,2268,7,5,4,2
880,0,33,173,2,2,30,1350,1414,12,1,7,0
1044,4,12,104,6,5,1230,1263,1794,18,7,19,1
612,6,16,102,7,7,1360,1891,3161,8,4,3,3
1193,11,26,166,1,20,730,1729,536,17,14,4,0
605,8,9,142,3,16,160,1026,392,15,6,4,0
1949,7,57,145,7,11,951,1178,356,5,3,19,0
1807,2,49,125,1,10,337,1384,1906,17,13,13,2
1672,1,44,172,8,4,1250,1435,1348,11,6,7,1
1454,1,34,83,4,3,250,1033,3419,7,5,5,3
1221,1,28,139,1,7,1895,1976,2438,13,11,10,3
930,0,54,80,1,13,1569,1763,1743,7,1,9,2
1082,11,2,101,4,20,398,724,2177,12,2,17,1
553,1,8,121,7,3,325,902,1204,11,4,8,0
635,2,42,149,3,4,300,1059,2973,12,5,18,2
1224,2,44,139,2,9,622,709,621,11,4,14,0
912,6,46,84,4,11,995,1310,851,8,4,4,0
737,7,49,193,4,16,781,1463,2951,7,0,10,2
1035,14,49,178,2,15,574,1171,3991,12,4,19,3
1918,1,22,139,1,5,381,1203,1369,9,6,6,1
1744,1,20,112,8,3,68,718,1205,18,7,14,1
1656,0,16,117,7,2,320,899,2856,14,3,20,2
940,0,16,115,4,1,499,1090,2192,15,13,9,1
708,0,63,195,8,7,78,654,2169,6,5,7,1
1868,0,42,169,1,4,347,660,3131,8,3,7,3
1617,14,29,113,6,20,283,676,3685,13,1,18,3
822,0,51,157,6,20,667,860,3846,10,1,3,3
1273,3,48,99,4,15,490,886,1767,18,15,11,1
1661,0,29,119,2,0,536,861,591,9,2,9,0
772,7,6,100,2,10,741,1471,929,13,6,18,0
1162,0,56,114,7,1,56,997,1652,5,0,20,1
1623,6,61,120,7,12,1568,1832,1510,12,10,17,2
1940,0,5,194,4,1,588,1809,820,19,18,3,1
1406,2,34,98,3,5,1017,1366,3915,9,8,2,3
1584,6,41,135,4,15,160,1291,1561,10,5,17,1
930,1,14,97,6,10,77,1025,2457,11,7,17,1
1341,0,36,107,8,1,473,574,2200,18,14,15,1
1442,0,56,145,5,3,1626,1668,1513,11,8,7,2
560,15,50,159,2,20,1448,1613,2150,18,12,11,2
1210,0,63,93,5,0,1177,1462,2394,17,9,7,2
713,7,2,181,8,9,1211,1378,485,10,6,4,0
912,0,58,107,5,1,165,1723,3573,17,3,20,3
1979,0,19,176,3,9,1331,1532,411,8,2,2,0
1994,5,5,189,2,7,86,1546,1836,12,11,18,2
837,1,51,104,5,15,638,1831,594,16,6,20,0
726,0,43,101,8,0,666,760,1446,17,2,8,0
652,9,17,173,5,11,77,559,1974,12,10,12,0
1179,7,32,182,2,12,85,1451,340,16,5,16,0
903,0,50,91,1,0,1230,1235,711,9,5,10,0
1265,7,49,182,5,16,690,836,1362,5,0,12,1
818,2,23,192,5,17,586,1552,2518,19,12,3,2
713,4,63,89,2,8,103,1760,2082,15,10,12,1
712,1,49,99,6,3,1131,1743,401,5,0,10,0
1002,16,11,185,6,18,285,512,961,10,7,19,0
1820,5,51,163,7,10,202,1884,2481,11,9,11,2
1262,12,34,149,5,16,223,737,3248,13,3,4,2
1254,2,27,134,2,10,1288,1372,817,14,1,16,0
671,10,30,105,7,17,852,1182,2504,6,4,15,2
1052,1,6,195,4,16,1191,1839,552,6,1,11,0
1027,2,64,103,2,7,1698,1747,3786,17,12,12,3
1624,8,28,150,2,10,689,699,2473,16,11,2,2
605,9,18,162,2,14,329,656,2301,15,9,8,1
1201,2,10,99,7,7,306,558,495,15,6,14,0
914,0,26,147,4,0,706,721,1122,12,9,2,0
513,8,27,174,8,13,282,710,3400,16,6,13,2
798,7,2,148,2,15,497,627,3593,14,9,3,2
764,1,13,152,8,2,361,511,3148,18,7,6,2
1590,12,14,187,4,15,1058,1109,2836,6,5,4,3
1487,5,42,120,2,7,857,989,2003,12,4,3,2
1640,1,36,87,8,11,664,1806,3235,6,1,10,3
1144,0,21,189,1,11,159,724,3252,16,0,8,2
1778,0,15,102,3,0,1445,1954,1214,5,0,14,1
1042,16,50,93,7,18,727,1705,3215,18,0,20,3
1742,5,43,176,3,7,356,1407,1921,9,2,3,2
1768,0,2,88,7,2,1303,1814,3256,9,6,5,3
1544,12,45,113,8,20,236,857,1300,8,7,18,1
1129,9,21,116,2,10,1128,1702,1400,11,0,13,1
1012,4,39,161,4,6,882,1195,2802,8,0,10,2
1900,1,41,190,8,6,912,1596,850,5,1,4,1
1421,0,57,165,1,2,781,1657,2775,13,8,14,3
719,7,6,102,6,8,405,1141,841,9,1,2,0
1676,2,37,145,1,3,134,1197,2515,14,8,4,2
1193,7,20,158,7,13,1442,1904,1958,7,5,2,2
1149,4,30,106,6,5,1617,1675,3755,17,14,8,3
1671,7,61,129,2,11,263,848,2336,10,4,7,2
504,2,54,163,2,10,1207,1539,2378,17,11,2,2
1122,0,40,156,7,14,675,1163,1456,9,3,20,1
657,0,37,141,2,1,476,961,1412,14,3,18,0
1512,12,6,162,7,17,205,884,2335,15,7,7,2
1342,1,50,173,1,8,127,620,2644,7,2,11,2
1011,4,36,131,7,18,481,749,2261,7,6,16,1
1288,15,50,121,2,20,1177,1809,3129,17,6,2,3
1053,7,45,103,1,12,594,1767,3086,17,6,5,3
1522,4,28,124,1,5,952,1191,1368,14,5,17,1
1278,10,60,172,7,14,1244,1504,3142,11,4,19,3
1021,7,9,192,2,12,901,1793,1355,6,1,14,1
1628,5,33,101,6,8,412,643,3361,16,10,13,3
1379,1,18,129,2,16,838,885,2358,10,5,15,2
1569,3,33,147,1,13,519,930,3538,18,1,15,3
1442,1,27,127,5,8,266,642,991,14,8,7,0
507,1,32,141,7,11,936,1398,1702,17,0,5,1
1653,2,37,176,4,6,447,1785,3955,19,4,18,3
857,3,17,195,7,9,157,948,3100,17,5,13,2
1414,0,15,168,2,0,294,1233,1069,18,6,14,0
642,0,38,86,5,10,887,1775,435,9,2,2,0
1103,6,29,111,6,8,990,1486,1837,8,7,16,1
742,0,36,139,3,1,1161,1288,292,8,0,6,0
1263,1,32,103,2,2,409,644,3372,18,13,10,3
1456,5,49,193,3,20,1285,1427,3624,12,11,16,3
1616,3,52,100,5,8,151,1133,657,7,3,2,0
825,11,38,94,3,18,540,783,716,11,4,14,0
771,0,33,157,3,17,776,1247,920,16,2,10,0
1278,7,24,170,3,16,1352,1775,3141,6,2,11,3
1234,1,33,172,1,3,166,778,1449,11,7,6,0
1135,9,43,158,1,11,690,1589,3204,18,13,6,3
1630,0,32,80,6,1,712,1726,1751,12,10,20,2
1748,11,53,114,4,20,718,1109,2633,16,0,9,2
1727,2,63,85,7,8,1463,1992,2457,19,13,7,3
1527,10,60,154,5,14,526,1116,2078,5,3,11,2
1713,1,27,127,7,3,729,974,2406,13,10,20,2
527,4,53,128,1,11,67,1924,1302,13,7,13,0
892,0,47,94,1,18,655,1782,1241,12,3,9,1
503,5,8,111,3,13,201,1245,2583,11,0,12,1
962,3,17,161,8,20,546,1424,3438,14,3,20,3
936,5,57,129,2,6,657,938,2049,12,8,5,1
1097,0,60,181,1,17,405,519,509,15,12,12,0
1571,0,19,100,6,1,713,1398,666,12,10,13,0
1724,0,9,100,2,1,655,828,3056,18,16,6,3
797,4,38,90,4,6,763,1413,590,9,2,6,0
864,3,35,103,3,7,663,1805,1904,12,8,13,1
879,11,14,83,6,15,403,1105,349,16,10,2,0
948,6,18,119,4,7,340,1728,2926,17,13,9,2
637,2,28,194,4,6,1080,1289,2725,15,10,7,2
881,1,64,160,3,6,115,636,2110,18,9,6,1
730,9,9,122,4,15,1371,1677,2787,10,8,7,2
630,9,14,180,8,13,66,1448,1212,12,8,12,0
894,5,54,130,3,15,104,541,2829,11,5,13,2
1588,0,61,159,1,13,1064,1594,3272,18,0,17,3
1156,1,30,173,3,16,945,1913,2735,16,15,13,2
1483,13,19,146,7,19,361,1552,1587,9,4,19,1
1068,6,52,97,8,7,994,1500,1436,16,1,15,1
701,7,15,160,3,11,1002,1256,1756,6,3,17,1
1566,0,20,126,2,0,1603,1930,659,14,9,13,1
1191,2,13,169,1,7,179,1813,1028,14,6,8,0
1732,4,12,119,8,9,824,881,1308,16,7,11,1
541,4,51,200,8,17,1012,1226,403,11,2,12,0
1589,5,51,195,1,18,810,1743,2612,8,2,16,2
763,8,2,92,8,14,1028,1186,1050,6,4,8,0
1852,4,10,196,1,18,580,1163,3970,13,1,11,3
704,8,29,80,1,10,1108,1509,1122,9,3,10,0
503,3,57,185,6,11,778,1291,305,11,8,16,0
1472,1,36,130,6,10,1452,1744,985,12,11,7,1
1692,3,61,176,6,12,975,1996,1354,16,7,19,1
1186,2,21,160,8,4,68,584,2361,17,8,7,1
1138,5,48,109,3,14,233,1777,2048,6,0,18,2
1009,7,2,115,7,15,267,1841,2286,19,8,13,2
972,8,44,82,7,10,297,589,3925,7,6,7,3
1369,3,28,108,1,18,1451,1469,3206,16,15,4,3
1595,0,44,85,4,20,1024,1838,3881,14,10,9,3
1494,4,24,101,1,17,979,1190,3614,15,12,9,3
600,9,6,199,2,15,486,1032,3495,17,4,7,2
1866,13,52,185,1,17,356,563,373,14,9,3,0
1450,9,19,131,1,17,707,1882,575,15,9,12,0
1672,13,32,174,1,20,1281,1896,1267,17,4,20,1
1602,0,35,99,7,7,1325,1800,1829,18,17,13,2
768,0,19,159,2,1,637,991,1145,19,1,7,0
964,0,22,86,8,0,225,1234,2577,17,16,5,2
618,0,63,138,2,1,853,1781,2574,14,3,5,2
689,2,45,103,5,11,256,823,3585,10,1,10,3
1394,10,62,175,5,13,1010,1565,473,11,1,20,0
1205,5,10,163,6,10,321,1870,953,18,11,20,0
1063,0,31,95,6,10,295,935,961,16,6,5,0
595,7,23,121,3,17,441,810,3752,10,2,18,3
1504,1,64,182,1,2,19,1923,3059,6,5,10,3
1138,12,44,187,8,17,111,1138,3475,19,3,3,3
1667,0,21,138,2,0,1211,1396,635,17,7,15,0
1333,3,59,183,7,5,394,1301,3442,18,16,5,3
1260,2,23,123,7,10,905,1313,2208,12,11,10,2
1692,4,2,106,1,17,1899,1904,3779,9,3,7,3
868,0,30,83,4,0,276,1026,1653,11,7,17,1
553,0,18,136,2,1,1287,1892,3300,12,10,20,3
569,10,4,170,3,19,351,1159,2351,8,7,10,1
1445,7,20,173,7,15,1273,1345,1441,7,4,13,1
1579,0,5,88,7,9,1358,1739,3532,17,11,12,3
774,2,10,188,2,9,1480,1731,2944,8,6,2,2
914,2,4,100,2,12,191,1495,808,11,7,5,0
733,7,16,138,4,12,202,1787,2648,12,0,19,2
1511,3,21,114,3,18,1455,1982,3746,10,0,5,3
697,5,20,173,2,6,478,1477,259,12,6,4,0
752,1,48,87,7,13,164,728,3860,7,5,16,3
1860,2,55,83,6,3,195,799,676,15,0,4,0
1083,1,39,173,8,2,523,542,3248,8,6,6,2
742,0,21,104,8,1,875,925,331,11,8,7,0
1730,0,20,143,4,10,418,1023,1595,14,0,12,1
1788,15,2,150,6,20,472,1073,2655,12,2,4,2
1893,1,23,179,8,3,1203,1432,1482,15,7,17,2
986,13,28,182,4,20,199,679,1149,8,7,18,0
580,0,47,91,3,1,1086,1345,3451,15,1,11,3
1109,1,34,173,1,4,165,1103,2821,13,5,17,2
946,8,25,143,6,15,650,1740,2177,7,5,13,2
686,11,3,91,6,15,1109,1392,570,7,6,19,0
1142,0,6,198,4,0,739,1766,1273,19,0,6,1
1782,6,58,157,1,13,867,999,2405,15,0,16,2
969,2,44,158,3,7,167,909,641,9,1,8,0
1991,5,64,145,2,13,1058,1325,1733,5,3,8,2
1562,0,52,105,7,9,480,728,2829,13,10,3,2
864,0,54,187,2,1,127,1670,3121,18,2,16,2
1426,2,55,109,1,7,777,1032,2562,5,1,3,2
1151,0,31,128,8,1,1022,1560,2377,18,8,13,2
1913,0,29,111,5,4,675,742,2023,17,13,8,2
664,5,6,164,2,19,1076,1472,3774,11,5,18,3
1057,4,5,154,5,13,416,1055,3705,6,4,13,3
1422,15,3,112,1,17,1,926,509,19,1,3,0
1195,1,23,82,4,9,163,1100,980,13,9,17,0
1953,7,56,158,8,9,555,764,2334,11,5,4,2
1732,2,61,172,5,3,201,656,3940,17,11,20,3
957,4,7,107,5,10,1201,1485,1846,12,5,7,1
511,12,50,175,3,16,140,622,1484,9,7,8,0
584,0,19,168,3,0,1123,1622,465,12,8,4,0
1190,0,40,93,5,1,1399,1646,3610,13,7,9,3
1663,0,40,147,4,15,951,1545,1336,8,5,15,1
1823,11,10,81,8,19,362,1250,1812,5,0,19,2
1945,4,21,113,3,10,280,895,3015,6,1,15,3
1020,13,7,96,3,18,870,1613,1142,13,9,8,1
775,1,10,185,7,14,444,1555,1719,19,3,18,1
969,0,45,124,7,0,491,589,404,18,5,19,0
1496,4,42,182,5,5,96,741,854,16,0,7,0
645,6,41,184,8,17,741,1130,714,18,2,13,0
1583,5,42,118,3,10,275,862,3652,14,10,9,3
1347,5,44,132,1,14,434,967,2484,18,2,11,2
1481,4,37,96,5,13,116,1533,2945,10,5,16,2
1176,2,62,168,2,10,674,1455,1534,6,2,17,1
1979,0,32,165,7,1,833,1630,452,13,6,14,0
1010,2,8,139,5,3,547,957,2625,15,11,12,2
1545,15,35,173,5,20,115,1352,3197,14,9,6,3
1954,8,7,126,3,9,673,690,3438,17,12,13,3
950,9,55,156,5,10,774,843,1095,14,12,13,0
864,0,53,88,6,1,262,1436,493,18,9,10,0
635,1,50,97,5,13,193,989,2107,13,12,12,1
1974,4,24,80,7,13,250,545,861,7,4,6,0
1968,0,22,115,3,7,861,1259,2323,9,8,7,2
956,1,42,133,7,11,403,1614,3700,10,0,7,3
1184,1,48,191,1,6,519,1577,3315,17,7,14,3
534,1,21,164,7,9,347,1477,2706,7,5,18,2
862,9,6,107,8,14,829,1977,3458,9,4,9,3
1920,3,19,131,3,8,670,1152,3943,13,0,4,3
815,4,51,85,6,12,982,1291,3469,5,4,6,3
709,0,35,136,1,0,1545,1596,1973,12,9,16,1
674,1,21,198,3,4,576,1809,1180,6,3,4,0
1413,2,10,200,6,6,314,1606,2867,5,4,15,2
1673,2,42,182,5,6,214,679,3094,12,4,20,2
1501,12,2,187,1,15,198,1056,2487,13,12,16,2
951,6,15,81,2,17,854,935,1083,16,11,16,0
535,5,24,190,8,19,398,1775,524,9,3,4,0
1281,3,8,144,4,19,590,954,1851,8,2,9,1
1783,8,14,183,8,11,910,1566,1816,12,7,7,2
1828,0,17,199,1,1,336,898,2280,17,14,4,2
907,7,44,160,3,12,144,896,3911,13,6,8,3
1309,0,33,100,4,14,557,1402,2334,10,1,11,2
808,3,45,161,1,9,526,1324,3431,15,6,13,3
1349,15,62,114,5,16,592,772,2756,11,3,4,2
1492,5,11,85,3,7,1684,1746,2259,14,12,19,3
790,7,44,89,8,8,1100,1437,3424,13,11,9,3
1681,6,18,167,1,7,850,1005,2265,5,3,20,2
1205,3,12,175,4,6,573,614,860,14,1,14,0
1591,3,49,154,6,7,1384,1883,3703,17,6,20,3
1583,11,14,148,7,16,942,1651,1704,17,13,2,2
730,6,6,167,7,10,1096,1155,2812,10,1,17,2
840,6,33,150,6,7,1482,1591,2072,10,8,19,2
821,5,54,109,3,9,253,1786,3185,8,4,15,2
1562,1,7,190,5,15,642,1533,2243,12,10,6,2
1439,12,20,147,1,17,626,932,1790,19,12,15,1
875,1,30,146,8,8,469,853,702,19,15,15,0
1097,6,64,161,3,8,419,1914,1725,14,5,9,1
825,7,52,130,3,10,597,863,3534,10,4,6,3
1185,0,31,152,8,7,837,1642,2447,16,2,3,2
586,16,42,121,7,17,785,1118,1869,12,2,7,1
1807,0,13,155,8,0,970,974,323,9,3,3,0
1982,2,12,80,5,20,287,593,1824,13,3,14,1
1168,9,61,90,8,10,159,1578,3173,9,4,17,3
1181,12,61,116,2,16,385,831,2020,6,0,18,1
606,1,53,146,4,2,465,1152,1223,19,12,7,0
1276,2,53,130,2,3,217,735,3798,19,10,8,3
788,4,57,91,8,12,42,1161,3969,12,8,6,3
1965,0,39,187,4,3,915,1965,2032,11,10,16,2
804,12,41,89,1,13,709,818,2027,11,5,11,1
1266,0,7,184,3,12,346,1468,2532,10,5,4,2
1159,3,36,104,4,8,717,1206,2115,8,7,18,2
1600,1,16,94,4,16,1315,1710,2073,9,5,4,2
1606,0,33,200,5,0,157,770,3437,11,1,2,3
1049,8,2,172,6,10,39,1564,433,10,7,6,0
1656,5,34,166,3,7,880,1456,1629,15,12,14,1
1735,0,59,148,6,0,137,846,3230,6,1,9,3
1058,2,19,166,4,14,493,1247,418,9,7,16,0
1581,9,41,172,4,19,693,850,1384,19,9,2,1
1083,3,41,158,5,5,937,1164,1543,18,3,10,1
1128,12,53,84,5,14,609,1370,2982,14,9,12,3
1315,7,64,128,7,16,59,575,3278,6,3,13,2
1514,3,12,138,3,4,306,538,1037,15,3,15,0
557,0,24,125,3,0,1131,1315,1305,12,8,3,0
1507,0,42,123,5,0,682,888,1486,15,3,19,1
1549,0,62,91,4,4,167,990,799,7,3,9,0
1688,0,21,170,7,0,650,864,3984,17,14,8,3
1937,17,58,189,1,19,1728,1767,3321,5,4,14,3
774,7,55,124,3,18,8,896,3916,8,1,12,3
1457,1,16,102,3,10,1013,1287,1440,17,8,12,1
550,16,23,145,2,17,486,1930,302,18,5,8,0
1225,0,15,155,5,0,840,982,1970,16,8,15,1
869,0,2,197,7,3,519,533,3249,19,0,12,2
1715,9,15,120,6,20,114,1849,1249,16,2,4,1
1092,10,11,167,3,14,468,571,737,14,4,11,0
1620,6,5,186,6,18,434,1339,1086,18,14,13,1
1860,15,23,162,4,16,1362,1506,3918,9,2,8,3
1087,0,16,166,3,9,295,589,690,14,6,6,0
1560,0,22,169,7,1,745,1364,1938,15,11,16,2
1645,1,21,123,7,2,897,1308,783,10,8,20,0
1991,3,15,181,1,13,298,1037,1861,8,5,17,1
1825,13,17,157,4,18,1621,1773,3130,12,4,2,3
922,0,47,157,8,14,1295,1808,1464,17,4,12,1
1433,7,4,133,8,11,281,799,258,11,9,4,0
926,6,59,161,7,14,84,793,256,18,7,2,0
1972,9,14,196,7,18,293,952,1316,8,1,8,1
1784,4,41,164,6,20,610,1437,2313,14,1,11,2
1329,5,23,198,8,6,380,682,2308,11,10,9,1
1811,4,5,98,4,16,447,568,2700,13,7,8,2
1441,0,53,106,1,12,254,954,1393,9,4,4,1
1330,1,40,177,1,5,194,892,2678,9,4,14,2
1240,0,39,146,2,9,1511,1756,3260,13,1,17,3
1119,0,23,164,4,1,821,915,3520,7,4,7,3
1044,7,33,129,4,13,42,1262,1816,17,16,15,1
1086,0,43,111,6,1,56,1150,3285,11,5,17,2
768,16,56,113,1,20,418,515,952,19,3,16,0
911,3,14,199,4,4,1563,1692,2933,16,3,11,3
636,8,28,152,2,15,148,742,2927,15,6,3,2
1395,0,23,111,3,1,213,705,2571,11,0,13,2
946,17,5,166,3,20,1698,1771,3720,15,7,4,3
1831,3,44,148,7,14,437,1113,2460,10,5,18,2
709,1,11,130,5,11,119,1531,3568,16,14,3,3
1065,0,14,89,2,2,188,928,3078,10,1,18,2
1602,12,58,170,1,13,1259,1746,3622,17,2,17,3
1372,7,34,193,4,17,687,937,725,11,3,20,0
704,4,53,186,6,6,251,1013,3653,7,1,15,2
1805,0,29,182,4,2,758,891,1276,19,4,17,1
1062,3,45,151,3,4,798,1435,911,14,2,9,0
664,0,28,106,5,5,754,1497,2042,17,15,19,1
1090,1,8,128,8,8,1217,1670,3839,17,3,11,3
1327,10,23,89,7,16,441,1721,872,7,5,4,0
1368,4,9,115,7,7,843,1145,2941,13,12,17,3
581,0,59,185,5,6,803,1613,2819,19,17,9,2
1753,0,31,134,1,18,1590,1926,1324,17,0,17,2
1840,12,34,142,1,16,311,1545,1078,8,0,10,1
833,0,27,145,4,2,649,1290,586,19,8,19,0
893,0,55,183,2,1,417,946,2986,7,1,6,2
1779,2,5,90,1,3,1225,1717,1246,12,2,20,1
1721,4,33,128,4,5,871,1048,707,19,2,5,0
1387,0,61,98,3,0,785,1151,629,5,3,11,0
919,11,13,159,1,15,275,570,1028,8,4,17,0
1755,0,24,134,7,2,286,1075,3937,8,1,7,3
1077,0,45,174,3,4,897,1304,1965,6,2,6,1
1524,11,41,96,4,20,184,740,1936,7,0,9,1
721,1,15,102,5,18,655,1255,3606,10,0,5,3
609,4,10,81,6,6,113,1524,1905,16,3,18,1
1066,2,7,114,7,18,1242,1571,468,19,13,6,0
635,9,16,110,7,17,599,1299,2452,19,17,8,2
1183,3,48,120,8,12,268,1010,1152,8,3,3,0
1872,5,35,111,3,14,1546,1879,2419,15,5,19,3
947,0,22,197,2,13,1176,1220,2842,16,12,2,2
1603,1,17,114,2,8,430,1207,1637,17,3,11,1
767,7,10,107,4,12,517,1995,2317,6,0,12,2
623,6,26,197,7,12,484,1238,1769,10,1,16,1
1806,2,54,117,1,11,347,727,3142,13,0,6,3
1444,0,6,103,1,1,1274,1340,712,17,5,10,0
1479,8,19,156,3,10,180,1476,3323,13,12,6,3
625,5,10,183,4,8,635,842,3323,9,1,7,2
1503,10,43,166,4,14,841,1304,2122,15,1,2,2
809,10,21,91,7,19,1453,1726,1274,18,7,3,1
1641,6,48,97,8,7,224,1994,1695,13,6,17,2
1829,8,59,91,5,15,1457,1919,3142,16,6,5,3
1659,2,41,88,7,18,787,1515,545,12,0,9,0
962,14,2,125,1,20,1618,1916,1491,16,2,14,1
977,2,35,165,2,15,1502,1862,3714,19,3,10,3
598,7,21,196,2,10,680,1173,3293,8,4,7,2
535,8,54,145,8,15,710,939,2674,14,8,10,2
1330,6,52,84,4,12,462,1304,3269,19,6,8,3
1191,16,26,84,1,20,681,683,1604,14,3,9,1
725,16,60,160,8,17,1134,1249,1326,10,4,15,1
1178,6,57,84,3,17,96,1352,2492,16,14,10,2
807,9,8,158,5,20,667,697,1284,17,13,2,0
1726,1,42,106,5,3,1221,1804,1868,16,7,6,2
580,0,24,135,4,5,404,898,3565,12,11,8,2
1989,8,17,193,8,15,629,682,2369,7,0,18,2
1425,0,33,89,3,2,396,1648,3771,10,3,9,3
729,0,14,135,6,2,563,1055,3397,19,15,17,2
1469,3,58,150,7,8,1699,1850,1571,17,16,2,2
1320,0,41,144,7,2,123,1229,542,11,1,14,0
1744,0,62,158,1,0,621,1558,345,10,6,14,0
1720,0,19,137,2,3,409,646,1222,13,2,7,1
1844,1,51,158,8,3,533,882,1724,5,1,14,1
680,9,9,131,3,11,1428,1500,2438,14,2,17,2
1170,6,14,199,2,13,474,709,715,18,5,20,0
1517,6,48,143,5,14,802,1489,2822,15,5,11,3
587,16,51,111,1,17,244,1361,2746,10,4,7,2
740,1,12,123,1,11,935,1147,1105,7,6,19,0
1635,0,2,182,4,0,1209,1411,2315,10,1,2,2
918,1,8,123,7,5,653,671,1652,17,4,14,1
1408,10,45,89,5,14,613,1088,3952,8,6,3,3
1062,6,10,160,1,13,1596,1807,3803,7,3,16,3
703,12,30,113,1,20,218,1065,1472,14,7,7,0
668,2,48,114,1,19,195,1292,1201,14,12,4,0
1576,7,58,90,3,16,400,631,336,14,8,13,0
1686,3,38,166,4,4,397,1453,2958,14,11,2,3
535,1,48,113,1,4,290,811,740,11,10,18,0
519,7,51,132,4,19,550,645,3763,16,1,4,3
1936,13,34,182,7,14,591,1089,1671,6,1,9,1
712,3,35,84,2,10,558,1208,2190,16,12,4,1
1661,1,6,109,7,2,594,1337,864,9,8,2,1
866,5,46,179,8,7,692,1686,3825,12,11,2,3
832,2,39,103,4,3,125,1504,1799,5,2,11,1
1265,4,49,90,1,5,275,687,1518,16,11,8,1
608,0,64,94,4,0,4,1351,2517,16,8,7,1
1815,2,33,159,4,17,607,748,1482,18,0,2,1
1071,0,49,199,4,5,1328,1970,3393,6,5,7,3
816,4,14,198,3,13,149,558,1018,17,10,15,0
875,1,43,104,8,3,902,969,3396,14,2,18,3
1976,4,32,171,2,7,1301,1922,3699,17,11,13,3
1827,4,61,130,7,9,253,1764,2693,8,3,7,3
1113,0,25,145,1,10,1047,1312,277,11,2,12,0
1520,1,24,199,5,8,109,1909,3233,13,3,4,3
1567,3,22,119,6,6,545,1621,2312,9,1,18,2
1714,7,31,120,2,10,287,627,3707,5,1,19,3
967,4,25,92,8,9,243,1642,3076,7,4,18,2
707,2,25,131,3,17,495,574,3838,9,2,7,3
850,6,29,133,5,19,404,642,593,19,17,10,0
781,2,38,198,5,7,304,1674,3508,13,8,5,3
1896,8,7,141,2,13,447,794,3684,9,7,18,3
1259,0,13,97,2,0,1210,1989,340,17,13,4,0
1318,0,11,188,2,15,688,1591,1780,12,10,2,1
1689,0,13,168,2,9,521,674,1172,12,11,17,0
640,5,6,143,8,20,976,1353,2711,15,7,8,2
831,2,62,134,8,9,1482,1490,2573,16,12,18,2
1770,0,9,183,6,5,1098,1373,3785,13,10,14,3
1986,7,39,89,7,19,251,599,3476,11,8,17,3
1164,4,19,95,8,18,729,1704,3309,15,3,3,3
1454,8,6,199,3,20,698,1018,1300,10,0,2,1
1426,2,42,84,3,10,715,1163,1356,15,9,16,1
1194,6,34,165,2,12,494,509,313,15,1,19,0
1712,1,63,137,7,12,747,1126,3652,16,1,19,3
1695,6,46,200,3,9,1791,1898,446,16,13,15,1
578,9,62,170,5,13,626,1134,2977,15,12,5,2
1414,2,54,99,7,3,262,829,3799,17,7,7,3
871,2,52,178,3,3,194,1437,437,14,7,17,0
672,0,54,95,4,11,578,1143,667,17,8,14,0
1494,3,45,158,5,4,449,790,3208,11,9,4,3
1717,1,62,130,1,3,609,810,3226,6,4,5,3
1554,11,5,124,3,12,395,1579,3635,7,4,18,3
1496,0,6,85,3,9,549,1383,3571,16,1,11,3
1429,8,42,151,5,9,670,1552,1817,6,1,16,1
1206,10,30,127,3,13,1581,1713,1825,7,1,4,2
1232,1,24,169,5,17,361,809,1257,16,10,16,0
1270,0,58,104,5,1,1512,1716,3299,13,4,16,3
1077,1,58,86,7,13,135,1892,3902,9,3,3,3
559,10,11,82,5,14,541,823,2019,10,4,16,1
890,4,44,198,8,13,1074,1873,751,7,3,3,0
1337,0,5,200,4,1,161,1029,3242,10,1,20,2
1189,5,7,164,2,20,79,615,841,13,10,11,0
1537,4,43,137,1,5,839,1131,3685,18,17,17,3
1524,0,10,174,4,1,154,550,2678,16,5,13,2
818,14,43,177,6,15,111,510,546,12,6,7,0
1568,16,33,150,8,20,413,654,508,5,1,6,0
514,4,57,186,3,7,168,1320,687,6,0,20,0
577,8,37,161,6,20,1087,1450,814,11,7,19,0
1402,3,46,87,7,12,1081,1767,347,17,0,12,0
1467,0,18,122,5,0,888,1099,3962,15,11,5,3
984,13,42,98,7,17,1036,1611,898,16,8,13,0
805,1,34,88,6,2,1262,1538,3647,18,11,9,3
1648,6,64,170,4,9,1153,1876,610,8,1,6,1
1456,7,7,105,5,12,823,1104,1587,6,5,20,1
1441,11,3,118,8,17,577,1071,2317,16,4,7,2
891,1,18,153,6,3,40,1435,1303,17,16,4,0
1004,0,35,141,6,9,901,1162,3772,17,8,18,3
1254,2,50,108,5,6,462,1013,3959,10,4,17,3
1812,4,42,162,7,15,380,1550,3338,18,13,11,3
649,4,19,190,7,12,344,1551,739,18,1,2,0
1735,16,34,140,2,17,149,876,2392,17,15,19,2
1129,0,49,185,2,2,1070,1079,1857,8,4,5,1
660,5,40,111,2,10,262,1178,588,6,5,18,0
826,0,58,88,4,1,179,786,2863,9,3,18,2
1696,1,13,97,3,2,179,772,523,5,0,4,0
934,7,24,112,5,12,1111,1463,1017,12,7,9,0
774,2,8,136,1,4,1713,1865,2614,7,0,14,2
593,6,31,156,7,7,1233,1317,1692,6,2,7,1
924,0,47,167,8,6,108,1813,1620,17,15,12,1
1557,16,2,123,5,20,1107,1442,2690,18,16,9,3
1359,1,58,107,6,3,446,901,1076,16,8,4,0
808,3,46,105,8,15,119,529,1082,15,5,10,0
1362,0,47,186,6,4,600,1042,3629,19,17,5,3
843,1,56,147,5,17,140,800,2341,10,1,20,1
667,6,3,185,6,13,13,1463,2855,5,0,19,2
732,5,32,163,8,7,1661,1836,3883,12,2,5,3
1328,5,27,144,3,18,602,1156,2674,7,2,5,2
1723,1,7,126,3,17,384,1361,1213,5,0,16,1
1218,1,14,147,3,4,229,616,398,17,0,5,0
1617,8,36,85,1,9,743,1426,296,5,3,7,0
663,0,25,183,2,1,82,1605,3176,6,2,2,2
666,7,54,81,3,13,58,1353,1254,15,9,9,0
504,0,40,178,3,0,626,1195,470,6,0,16,0
1219,5,4,169,6,7,1419,1698,1998,9,2,4,2
538,12,2,177,7,13,235,662,417,8,4,9,0
1541,10,28,165,5,15,796,1052,1108,12,1,7,1
1855,5,32,187,8,18,267,1161,3933,7,0,7,3
1758,11,13,190,8,14,762,1864,1897,6,2,15,2
710,6,32,151,5,9,485,857,1419,12,11,18,0
1039,11,56,125,8,13,497,618,3105,14,8,5,2
1171,2,19,167,7,19,248,755,263,6,5,8,0
1831,4,55,189,8,9,1693,1790,1133,14,3,10,1
848,10,19,148,7,18,176,1029,3359,10,0,14,2
1062,3,39,124,4,4,571,817,1345,16,0,11,0
1866,3,47,89,5,9,358,1782,1444,7,4,20,1
909,7,47,146,3,9,410,1643,1244,14,10,16,0
1442,0,27,192,3,19,231,687,2227,6,5,20,1
1067,11,14,146,1,15,965,1009,966,5,0,13,0
917,1,31,88,6,2,423,909,3424,19,2,13,3
772,7,8,134,7,8,552,1802,422,7,6,15,0
904,10,31,112,3,11,657,1014,2814,13,3,19,2
702,2,9,141,3,3,504,1570,2955,10,4,19,2
640,0,20,163,4,15,710,1179,2844,7,5,18,2
906,7,18,136,2,11,1102,1793,3412,13,8,16,3
1137,18,7,196,3,19,942,1179,3616,13,5,12,3
769,2,17,95,8,4,1384,1454,1877,18,2,11,1
1572,7,8,169,5,8,577,1237,3461,6,3,10,3
1253,5,5,152,2,19,685,714,1878,15,0,4,1
852,4,62,104,7,13,293,1159,2253,17,4,7,1
765,3,44,88,8,11,1364,1851,2256,6,1,19,2
1517,2,8,169,4,18,570,1645,2738,18,16,12,2
1633,3,33,111,2,19,146,906,511,9,0,7,0
1983,3,43,87,6,10,349,676,2775,9,4,3,2
1159,13,28,80,8,18,378,751,2495,10,0,9,2
1405,0,8,107,4,7,284,1036,2376,19,6,11,2
1284,0,10,155,2,14,160,516,2197,16,2,9,1
1227,0,34,130,3,3,935,1781,1324,7,3,12,1
1610,7,64,181,4,12,1236,1280,941,8,4,9,1
1579,0,27,142,6,18,831,1484,1713,16,4,10,1
1617,3,30,105,2,4,246,1038,829,9,0,10,0
1225,6,60,107,2,15,10,1567,2423,17,11,6,2
1367,4,56,176,2,6,36,642,299,6,2,10,0
1729,1,12,186,1,6,461,1178,1519,9,4,5,1
554,0,12,105,6,10,85,806,3764,10,7,4,2
1380,1,4,92,3,13,420,500,797,13,2,15,0
1928,9,19,187,3,20,691,1580,3777,7,2,13,3
1497,5,32,92,3,9,1920,1933,1329,6,1,7,2
675,10,60,144,5,15,192,757,1735,7,0,13,0
904,3,35,168,3,4,42,507,1360,15,12,11,0
1646,3,25,200,2,5,211,1608,686,8,6,11,0
1776,2,20,82,6,16,1563,1803,2671,15,10,12,3
966,9,50,117,4,10,1446,1754,2574,10,1,5,2
1910,0,29,146,7,2,333,639,2944,8,7,2,2
894,2,58,123,2,3,158,747,3305,12,7,2,2
1528,2,37,156,8,3,306,564,733,15,0,14,0
615,7,58,130,5,8,1021,1958,1906,14,5,5,1
1489,0,9,169,3,1,923,1759,1663,9,3,14,1
1854,2,8,101,5,5,506,627,1886,17,4,20,1
904,5,14,102,8,9,56,760,1846,7,0,3,1
1658,0,38,159,5,0,51,739,2609,12,11,19,2
834,2,27,123,1,16,1421,1463,1591,11,9,20,1
1148,0,58,170,5,20,606,688,3127,10,7,11,2
1881,4,51,158,5,7,477,1553,1229,12,0,14,1
1642,0,5,102,5,2,1686,1889,1333,18,0,2,2
1524,5,57,124,2,12,629,635,947,11,4,16,0
1039,0,12,200,8,0,1428,1827,1619,7,1,10,1
1417,10,45,166,4,19,364,1029,2129,13,9,12,1
1485,0,28,158,5,1,371,1023,3241,14,11,11,3
803,0,18,106,4,1,627,935,2801,18,15,12,2
1792,3,62,170,7,8,1626,1913,2563,18,14,15,3
1747,6,48,94,3,19,947,1131,2362,17,2,19,2
1611,11,3,98,3,14,303,714,1595,8,4,9,1
1882,8,47,140,2,13,119,652,2500,17,1,11,2
1486,7,52,85,4,15,1430,1747,297,13,1,15,0
1660,2,15,100,8,8,440,569,2424,12,5,9,2
645,10,63,174,4,14,278,584,3615,18,8,13,2
1470,4,33,138,7,10,1790,1988,1633,18,4,4,2
1627,9,32,180,6,16,52,1082,3206,12,6,16,3
1563,10,16,151,7,13,410,572,3922,11,1,8,3
1358,0,20,135,7,0,1485,1655,3406,5,1,11,3
591,1,16,90,6,17,892,1603,3746,5,0,5,3
1559,10,10,114,8,17,117,681,2203,7,5,15,1
1369,6,34,162,1,7,553,727,3856,18,4,18,3
827,9,35,87,6,17,23,826,2367,5,3,15,1
1322,1,35,157,1,3,443,708,3684,15,8,6,3
983,0,45,130,4,11,948,1205,2052,5,3,6,1
1063,0,27,86,6,7,201,582,2668,12,5,19,2
1126,3,49,165,8,17,114,1726,3739,14,1,13,3
1128,6,33,147,8,7,938,1226,1440,17,15,19,1
1776,10,35,172,4,16,278,623,1813,16,13,20,1
1654,0,43,109,2,0,546,629,3112,12,5,10,3
1640,10,21,169,7,14,589,1301,337,16,3,5,0
1482,2,48,142,7,10,634,642,2971,12,8,12,2
1225,0,2,138,7,1,217,1101,2675,12,11,15,2
706,13,31,108,3,19,543,938,2419,8,7,4,1
707,0,16,194,2,0,1027,1508,1853,17,14,12,1
1697,0,60,90,4,0,88,1046,441,15,1,11,0
1960,1,61,86,7,3,205,1299,3865,10,7,11,3
1549,4,8,158,5,7,721,1514,1998,12,7,15,2
1822,0,8,195,6,0,172,910,2577,9,5,8,2
1986,3,51,165,8,20,282,1358,1614,17,12,3,1
995,1,10,104,4,3,258,1889,609,11,3,5,0
1423,12,44,131,5,13,501,640,2253,10,8,9,1
1809,6,23,123,6,19,433,1661,2784,12,6,20,3
682,4,19,121,4,11,902,1064,2337,11,1,18,1
510,5,45,168,6,16,483,754,3919,19,4,2,3
1772,17,45,159,2,18,837,1405,1146,6,1,17,1
1358,11,36,155,4,14,1565,1858,3068,9,4,4,3
1849,7,15,144,5,19,606,1123,3447,14,11,19,3
1766,1,16,141,5,7,125,1227,3314,9,7,17,3
1067,3,40,122,8,15,494,1989,604,16,14,11,0
557,3,17,89,6,4,322,710,2623,17,16,16,1
1895,2,5,134,1,11,725,1335,774,15,4,6,1
1902,6,50,124,8,9,1142,1393,343,11,8,18,0
831,10,55,86,6,12,172,1239,1075,12,11,3,0
1093,1,31,171,2,12,1310,1420,1646,12,0,6,1
1271,12,32,113,7,15,1350,1949,445,15,14,14,0
1263,12,64,175,5,18,178,1883,1183,14,3,17,1
1839,9,54,200,7,11,475,1493,927,19,10,18,1
1379,6,9,118,8,13,98,755,1693,11,4,18,1
1484,3,12,134,3,5,916,969,1457,14,4,20,1
1379,5,36,200,2,7,538,1376,3426,5,4,17,3
1485,2,32,84,2,9,510,1013,2147,19,1,11,2
1996,0,7,138,5,4,937,1083,1258,17,14,16,1
1648,1,17,142,2,3,1119,1238,1184,6,2,2,1
1330,0,38,183,7,1,1290,1441,1733,9,0,11,1
1742,3,49,100,1,9,1134,1469,1947,5,4,6,2
1108,10,52,183,2,12,130,1706,3264,16,1,13,3
1719,0,52,187,3,1,417,520,2610,10,1,11,2
739,2,58,88,3,4,1052,1536,475,7,6,6,0
987,1,20,192,7,3,412,565,1454,11,3,8,0
1963,16,34,157,2,17,1136,1813,714,18,2,2,1
987,4,52,83,3,8,419,736,2757,17,12,15,2
1407,1,22,104,4,4,1172,1217,2192,9,7,13,2
1448,18,2,100,5,19,846,1144,593,9,4,18,0
727,0,32,131,7,1,813,1377,1891,19,13,7,1
1231,2,7,113,1,7,43,1663,3119,9,4,15,3
1414,1,27,137,4,20,804,1564,312,5,2,8,0
683,5,19,173,4,17,954,1985,2622,16,3,5,2
1742,9,43,170,7,12,453,681,2610,12,3,10,2
1172,4,41,95,3,7,1314,1884,1107,7,3,5,1
1254,0,45,146,3,3,1571,1956,606,7,2,2,1
1034,6,37,120,7,20,707,1199,3625,17,1,12,3
1188,0,54,198,6,2,1150,1469,485,12,7,7,0
1671,13,5,179,8,18,398,1263,815,16,6,10,0
1245,2,30,105,5,3,330,1434,2676,17,8,7,2
1973,6,46,193,4,10,699,851,639,6,0,3,0
1330,11,37,126,7,20,1103,1637,2166,10,1,4,2
654,0,52,196,4,4,1715,1898,1036,17,4,13,1
1187,0,46,145,2,9,1173,1814,3917,13,11,8,3
1569,17,44,110,4,20,45,1942,1260,9,2,17,1
560,14,23,146,8,15,356,1903,2360,17,16,18,1
530,1,40,118,6,2,818,1090,1229,16,11,2,0
504,2,46,172,5,14,280,1795,2085,13,5,8,1
1084,3,40,107,3,11,322,771,1945,15,4,10,1
1283,4,47,93,5,5,372,692,2698,9,6,17,2
561,2,40,99,7,6,426,865,2974,15,12,19,2
825,0,23,86,2,0,206,1917,3278,8,6,2,3
622,0,9,127,2,0,98,511,3916,13,1,5,2
1661,5,23,172,5,10,846,1634,2676,12,6,11,3
959,15,13,155,4,16,87,736,3328,10,9,10,2
1161,0,21,126,8,12,308,1169,3336,6,4,14,3
1523,5,57,117,2,6,247,539,3971,18,12,10,3
775,0,30,189,7,10,561,1510,2523,17,16,9,2
1940,4,17,93,5,7,112,858,2297,14,6,8,2
1550,6,21,133,2,11,268,832,2338,16,1,15,2
1450,1,31,114,5,4,1573,1639,794,11,5,9,1
1197,9,20,129,5,10,214,1710,2885,19,7,14,2
1428,0,7,153,4,2,584,983,1808,12,8,13,1
1796,5,7,101,4,6,667,798,1642,9,4,3,1
1470,6,45,121,1,9,777,1090,3259,10,1,14,3
1854,0,33,195,1,0,665,718,1675,14,12,9,1
1006,4,22,135,4,8,35,991,909,18,4,7,0
685,8,13,82,7,15,1091,1203,3210,15,7,2,3
763,9,51,104,5,12,273,1278,2865,11,6,9,2
564,0,51,168,3,1,912,1980,1074,14,8,15,0
1773,16,32,170,6,18,1215,1472,3566,17,6,13,3
1329,1,52,181,6,2,1053,1458,1228,8,6,6,1
1918,2,10,110,5,10,1170,1543,1717,7,1,16,2
1946,8,8,123,8,19,647,1849,3117,6,0,2,3
1095,4,45,197,1,5,179,1247,560,9,1,10,0
537,1,55,103,7,2,1041,1430,2029,10,5,12,1
1046,0,58,100,8,0,259,1040,3863,17,12,9,3
765,0,47,115,8,1,1277,1429,2243,11,7,4,2
1836,3,26,134,6,16,408,1139,3097,5,0,18,3
576,2,10,184,5,7,513,1438,2938,6,0,5,2
1334,5,42,115,5,14,1187,1974,2542,10,1,8,3
1231,5,54,185,3,10,632,1184,1762,5,3,6,1
578,2,57,162,8,8,1025,1433,1270,15,3,5,0
1831,2,43,150,5,5,611,1381,3834,17,7,13,3
596,8,46,165,1,18,953,984,2505,15,4,15,1
1995,6,9,139,6,18,1830,1963,1203,14,12,18,2
913,1,41,103,1,14,431,1144,2278,15,3,18,1
1564,1,42,108,2,2,1619,1962,3376,7,0,7,3
1009,2,2,102,8,14,912,1043,1716,7,5,15,1
875,2,23,110,7,7,300,1316,756,14,5,6,0
713,4,53,98,1,17,123,1477,1462,19,18,13,0
1617,1,63,111,2,10,274,1079,2754,19,10,8,2
571,8,35,186,7,20,177,1282,2598,13,5,8,1
1753,4,40,191,4,11,1652,1983,1112,8,2,15,1
1375,2,12,105,1,13,898,1687,2890,17,1,12,3
623,0,15,189,3,1,778,844,3510,14,4,18,2
930,4,4,144,8,10,1017,1289,2016,13,10,16,1
1976,6,45,136,4,19,652,1933,2470,11,1,3,3
626,2,23,187,2,9,90,1334,3458,7,5,11,2
1447,2,9,155,8,16,737,1455,568,12,11,8,0
879,0,21,187,4,2,463,1038,2927,14,13,11,2
1021,0,53,136,3,6,905,1988,2631,17,3,7,2
1339,10,21,80,4,11,833,1441,867,8,3,3,0
587,4,6,170,1,16,612,1793,2777,9,2,14,2
1163,0,49,155,2,0,520,754,2768,19,2,12,2
772,1,10,80,4,2,1242,1712,3242,18,11,4,3
1670,14,62,114,8,20,1117,1330,3024,6,0,20,3
579,3,7,89,8,10,808,1517,2908,12,4,11,2
510,3,35,120,3,6,382,1228,2509,17,2,11,1
1201,1,10,198,6,5,1151,1723,726,11,4,3,0
1180,5,50,144,4,20,925,1252,1464,7,3,20,1
1314,13,5,87,4,18,82,512,3411,17,16,18,3
1544,18,12,186,7,20,470,844,489,9,4,2,0
895,6,16,164,8,14,126,1575,3122,7,0,4,2
1242,8,28,166,4,9,315,1796,318,11,10,19,0
596,9,64,111,8,15,885,1854,3238,16,13,10,3
1780,6,27,190,4,11,1331,1463,2776,19,17,14,3
1132,0,8,157,1,4,1091,1293,1950,11,2,6,1
808,0,8,192,4,1,618,1891,3762,15,9,12,3
909,0,53,82,8,0,635,973,3187,12,9,4,2
1001,1,40,117,3,7,922,1836,3654,13,9,10,3
618,2,57,88,3,7,879,896,2399,18,15,17,1
912,3,47,182,3,6,724,794,1321,7,2,6,0
1821,13,44,141,2,14,1208,1212,1411,8,2,15,1
897,1,17,171,1,2,547,1852,2948,12,3,5,2
769,0,9,182,5,1,248,874,3946,5,2,7,3
1708,8,14,197,4,16,263,1345,1247,19,16,16,1
1413,4,45,104,5,6,1949,1994,2973,17,8,15,3
1289,10,25,178,6,12,765,899,1043,6,2,11,0
1715,1,18,96,6,3,674,1375,2598,17,2,3,3
786,0,33,141,7,6,507,1697,2390,12,11,5,2
1853,1,27,197,6,13,985,1005,1973,10,2,8,2
1430,3,56,179,3,5,569,906,752,17,8,17,0
1269,14,52,118,2,15,1597,1920,665,18,5,5,1
637,3,60,97,4,4,1125,1989,374,18,4,8,0
1936,10,46,104,3,20,667,1036,2552,14,7,13,2
1321,0,63,109,8,9,817,941,1464,7,6,16,1
1310,0,51,100,4,0,178,1919,3845,7,0,12,3
796,2,12,114,1,8,174,518,1075,7,3,2,0
1413,5,51,117,5,11,187,517,3383,16,5,2,3
1476,0,55,171,4,5,1641,1666,1529,13,8,3,2
1122,9,2,120,4,14,331,790,3291,11,2,13,2
627,2,20,142,3,8,211,507,896,17,6,14,0
1453,12,52,96,2,18,187,1311,2373,10,1,10,2
856,0,14,115,1,7,395,1027,2439,6,3,12,1
1731,18,60,171,4,20,142,1039,1220,9,3,20,1
823,9,18,182,5,16,1180,1350,3894,13,10,9,3
545,0,11,131,3,1,381,1452,616,15,6,19,0
523,1,14,155,8,2,304,1042,1427,9,1,9,0
1290,19,35,110,4,20,405,742,879,16,2,8,0
687,9,50,151,4,20,584,1151,3416,14,6,8,3
972,1,5,126,4,2,687,816,3035,12,7,19,2
947,1,51,144,2,15,193,887,2915,17,1,6,2
1512,8,18,88,3,17,1079,1897,3607,12,10,6,3
936,14,14,164,3,17,150,1677,3761,13,1,12,3
1490,4,64,150,8,8,1417,1464,3600,17,9,7,3
1108,3,49,140,5,12,1298,1666,3254,12,0,16,3
1039,5,6,136,6,8,62,544,3212,15,7,7,2
1299,2,60,187,8,6,1333,1838,1412,13,1,20,1
799,1,63,144,8,6,361,975,431,15,6,6,0
1081,13,42,101,7,17,83,816,2456,7,4,7,1
781,1,64,88,2,7,368,607,3862,17,10,9,3
511,15,24,136,3,18,367,1264,2378,18,3,4,1
989,13,51,132,3,15,670,804,2349,10,1,20,1
1220,1,54,109,7,20,383,1249,1037,6,4,15,0
1892,5,47,110,4,10,1399,1564,2172,17,14,3,2
688,0,57,131,7,3,426,1964,3745,17,1,4,3
726,0,40,94,4,20,323,978,1342,16,11,4,0
1762,7,60,157,4,10,643,790,1380,14,5,14,1
1166,3,25,198,5,4,59,1203,2488,13,5,15,2
993,0,16,106,7,13,424,1639,1113,14,1,6,0
904,4,19,147,6,7,1094,1496,545,19,18,16,0
1164,0,61,88,1,6,1107,1656,3859,11,10,17,3
1270,2,32,101,7,6,299,845,3770,5,3,13,3
1225,8,13,116,4,12,759,1404,3836,12,11,11,3
961,0,57,114,8,3,291,1434,2782,18,9,7,2
642,3,34,197,2,15,331,1011,3355,12,5,13,2
733,5,7,174,7,10,445,1409,1403,15,8,2,0
592,1,52,103,7,10,332,970,1507,5,0,4,0
935,3,58,155,5,12,639,1087,2473,10,4,9,2
1981,13,45,175,6,18,193,1234,1380,10,1,13,1
1379,1,19,134,8,17,387,671,3912,11,2,19,3
1911,1,36,108,8,3,868,1632,3057,9,1,5,3
1602,4,46,118,1,5,273,1062,1862,16,9,2,1
1494,6,3,93,7,17,944,1003,1208,14,13,17,1
1862,1,62,182,1,2,386,1046,1017,11,3,9,1
1944,9,59,132,7,10,634,1079,769,19,13,3,0
965,15,53,131,8,19,297,653,3227,12,6,8,2
831,7,26,177,5,11,511,621,1704,6,5,20,0
1945,3,26,112,6,5,1064,1540,3322,18,7,20,3
1207,0,58,112,8,0,406,681,503,7,3,5,0
1564,5,26,129,6,16,117,1115,3742,13,3,13,3
1526,2,38,116,5,6,798,1418,3317,7,1,8,3
516,1,30,138,1,12,126,698,3731,17,13,15,2
1958,6,52,153,1,14,1524,1848,3064,7,6,3,3
506,6,41,159,1,7,875,1025,2965,13,10,15,2
1358,0,60,147,3,1,889,1635,440,14,10,13,0
659,7,5,169,8,10,659,730,2190,16,10,16,1
591,18,16,196,7,20,952,1726,704,14,5,4,0
1043,3,29,83,8,17,887,893,1183,5,3,8,0
732,7,39,188,7,11,1163,1554,3681,19,3,15,3
874,5,8,185,1,20,442,1248,582,6,4,15,0
730,3,27,112,5,10,62,846,3623,9,4,15,2
617,0,32,199,7,20,768,874,2213,18,13,7,1
1757,8,49,180,6,14,265,713,2056,7,5,4,1
856,14,19,125,6,19,1057,1931,650,17,0,10,0
1790,9,2,184,1,14,622,792,1366,7,0,20,1
1403,3,62,90,4,13,217,1623,921,14,13,18,0
1449,0,52,105,6,0,211,947,2036,5,1,10,1
638,11,27,102,4,17,1171,1383,2735,7,2,9,2
1395,0,55,118,3,1,782,1787,3373,11,2,16,3
1314,8,41,155,4,12,113,577,626,10,4,4,0
1813,0,5,198,3,8,338,1306,759,9,3,14,0
1306,2,33,174,3,9,867,1258,2521,6,5,16,2
915,8,31,91,3,20,875,1316,378,11,6,9,0
1030,4,37,147,1,8,503,551,2800,8,6,12,2
1312,0,24,156,6,0,115,1791,3833,14,13,17,3
787,15,11,93,1,16,806,1423,2934,8,6,14,2
648,9,54,109,5,20,1153,1817,3124,5,0,13,3
1733,3,36,119,6,20,357,527,3576,17,16,9,3
1523,6,11,129,1,8,148,1606,707,19,8,19,0
602,9,50,141,8,18,1571,1717,2189,7,5,16,2
842,1,7,188,2,2,20,756,2549,9,7,19,1
764,9,45,124,8,11,52,539,1341,19,1,12,0
1396,0,44,118,6,1,173,1843,1386,7,1,8,1
902,3,3,134,7,9,675,1285,3411,12,11,15,3
1871,7,20,81,7,14,88,1682,2144,13,12,12,2
894,16,16,168,8,20,286,1300,3377,5,1,6,2
1203,0,11,109,2,12,35,510,1672,17,13,19,0
1089,12,2,145,5,15,636,1259,2765,13,12,10,2
1454,6,21,160,4,10,186,1100,719,14,10,10,0
1907,13,55,105,7,15,713,1513,286,14,4,17,0
595,0,20,122,2,18,623,816,1593,19,11,2,0
1373,2,50,127,7,12,105,673,3800,8,3,14,3
1448,13,26,156,3,16,1792,1850,1175,12,9,6,1
1197,3,20,149,6,7,649,1629,1797,19,5,4,1
790,16,11,87,6,17,347,730,3169,6,1,2,2
1109,6,57,151,1,12,124,833,2785,15,10,16,2
1944,0,31,87,4,10,1111,1362,2560,7,3,8,3
1883,6,30,95,2,10,531,791,3724,16,15,20,3
1031,2,11,121,2,9,532,1247,2385,11,7,16,2
1303,0,15,138,3,10,229,1604,2574,12,4,14,2
1998,8,31,196,8,19,50,1356,2311,17,9,18,2
1416,0,20,93,4,0,1175,1578,3872,10,2,7,3
860,13,48,187,7,18,335,1463,1870,17,2,18,1
916,0,36,195,4,12,188,992,1470,13,0,14,0
1686,4,28,182,5,8,599,1073,780,11,10,5,0
673,3,22,88,1,5,594,1088,2050,7,2,17,1
1906,3,55,113,3,4,3,629,1871,13,5,4,1
1948,5,18,135,2,14,477,571,816,16,2,3,0
1412,9,57,86,3,10,2,660,1853,15,10,18,1
571,1,43,141,3,8,224,783,2587,7,5,18,1
1412,5,25,96,8,17,516,1894,837,15,9,4,1
1130,1,29,130,1,14,593,1327,432,6,1,10,0
812,1,64,106,4,7,35,1309,3102,6,0,2,2
1848,7,12,178,2,19,195,533,3915,9,7,8,3
1995,6,26,129,1,15,649,1104,1322,15,11,7,1
1972,0,48,92,8,2,290,804,2872,7,2,11,3
1101,0,31,148,2,7,387,1269,2196,12,6,19,1
1539,0,41,159,8,0,1112,1666,2107,15,9,10,2
1314,0,40,116,7,1,328,1858,3033,9,8,17,3
878,13,31,153,4,18,575,618,3497,9,7,11,2
696,6,51,197,3,8,649,907,2630,18,8,9,1
1425,9,35,127,8,14,150,1897,590,13,2,6,0
1027,7,18,146,7,11,338,534,1234,7,4,14,0
555,5,38,193,2,10,214,1970,1686,8,1,8,1
1619,3,20,117,6,9,813,1180,464,7,5,16,0
1290,0,3,143,6,4,600,1109,1214,9,8,15,1
1891,7,37,129,7,14,169,1108,3704,8,6,11,3
839,0,14,175,7,3,564,1391,3835,15,8,11,3
534,0,16,189,5,1,393,1199,3926,16,12,20,3
744,0,33,105,4,2,1252,1963,2700,9,3,19,2
1948,4,5,136,1,13,651,700,361,6,1,10,0
1701,13,46,115,2,15,364,828,3717,11,0,10,3
851,7,54,101,2,9,788,1007,1005,12,2,14,0
1715,4,3,171,5,6,79,1652,514,7,4,13,0
1646,8,41,185,2,10,1725,1932,3339,18,10,19,3
783,9,27,150,6,11,458,1263,1185,15,4,6,0
1631,2,13,166,2,16,960,1735,2173,12,3,8,2
1807,2,61,134,6,6,1734,1968,3726,8,5,15,3
1269,16,41,180,8,17,406,1036,2341,10,9,16,2
1698,10,7,131,8,12,26,508,2992,15,3,17,2
1811,0,33,132,8,2,1099,1553,2610,8,3,13,3
1685,14,16,137,7,15,120,1429,881,6,3,17,0
1558,2,32,114,5,3,322,1385,878,16,5,17,0
1236,2,57,188,1,14,517,809,1406,14,12,20,0
1342,0,31,86,7,1,991,1638,2746,15,5,10,3
1275,3,5,152,1,9,19,501,3784,13,4,4,3
1448,6,45,138,7,11,570,1724,3378,13,11,2,3
1515,4,24,176,5,6,747,1247,3104,6,5,20,3
717,4,10,198,1,5,217,1106,688,10,7,15,0
676,1,39,84,1,5,864,1011,2064,13,7,6,1
1220,3,62,125,4,8,403,1933,2589,19,11,15,2
586,10,8,142,8,14,116,598,3178,9,7,10,2
1481,0,35,105,3,0,249,522,2635,17,16,4,2
1944,1,26,92,4,9,313,712,2322,19,8,7,2
1883,3,10,146,6,13,836,1739,2600,16,8,20,3
1461,3,40,141,7,4,1265,1298,3799,16,1,4,3
1644,0,44,137,8,0,358,791,2360,7,4,19,2
1954,0,24,187,4,0,512,1149,700,16,3,5,0
1989,0,41,94,3,13,1100,1497,1665,17,9,12,2
1007,0,45,95,5,2,1186,1529,3648,9,0,16,3
1454,8,37,80,8,20,903,910,1713,16,0,19,1
1889,5,31,132,1,10,170,1106,3672,5,1,3,3
1673,7,9,187,3,10,65,734,3669,9,1,10,3
989,4,55,124,1,12,46,1069,1737,8,5,10,1
1766,1,22,122,8,4,291,1318,3297,7,5,16,3
1048,10,28,194,2,19,966,1975,1458,5,1,15,1
1218,3,39,150,7,14,1122,1746,1667,10,0,12,1
1310,13,7,194,5,14,117,513,3182,8,4,5,2
1059,8,61,134,3,18,1613,1916,3716,15,13,11,3
714,5,11,197,3,6,1750,1857,1164,15,12,19,1
873,6,8,152,7,9,1257,1411,575,15,8,7,0
965,5,13,109,2,14,130,998,1138,9,8,10,0
1494,2,47,129,2,9,207,1177,3202,13,1,14,3
1002,0,35,83,2,4,1345,1416,1726,16,5,19,1
1125,10,23,117,1,14,774,939,1641,14,8,12,1
989,4,17,166,3,19,256,1394,3892,18,7,19,3
1680,6,37,168,4,7,679,1231,1459,15,3,2,1
1354,3,26,136,4,6,297,918,2090,5,1,13,1
865,8,59,159,3,9,805,1804,2361,16,11,19,2
932,1,64,154,7,2,1176,1224,3817,8,7,9,3
1794,5,55,86,7,7,43,627,402,14,7,14,0
1420,1,50,100,8,8,194,1393,763,17,1,17,0
1821,4,10,139,8,10,381,1018,3220,13,8,18,3
932,1,60,104,4,2,268,1078,1459,6,1,19,0
1905,3,6,151,1,5,849,898,1545,9,5,10,1
1371,4,52,167,4,19,471,663,3034,13,6,8,2
565,1,50,158,2,8,543,703,2156,13,6,6,1
1949,4,47,199,4,7,407,822,1433,11,5,20,1
672,13,61,194,5,20,724,1127,1457,14,10,20,0
1576,8,5,139,3,17,258,789,3904,5,1,7,3
920,2,46,149,3,3,1058,1421,2608,6,0,2,2
835,2,7,101,4,7,323,1604,1181,13,5,15,0
1712,2,23,155,7,19,155,663,1422,5,0,15,1
1554,7,23,105,6,18,699,1492,2184,13,9,20,2
1814,1,9,141,2,2,756,786,3556,18,12,16,3
594,1,27,196,5,2,407,528,708,17,5,17,0
826,0,57,135,2,0,354,530,323,17,3,7,0
1348,18,52,98,3,20,1869,1942,955,18,11,7,1
1996,5,51,122,4,9,671,1445,2236,8,7,12,2
1433,2,5,129,5,11,420,784,2132,18,15,19,1
1975,2,31,151,1,17,775,1607,3022,13,5,19,3
560,6,57,81,3,12,80,1327,2167,11,10,7,1
798,6,21,110,2,12,661,1951,1647,12,2,3,1
1659,5,16,89,1,20,819,902,3255,19,14,9,3
551,0,54,172,7,15,169,1916,1414,6,1,19,0
775,3,46,159,2,16,862,1864,568,17,15,11,0
1392,0,44,113,4,2,482,1098,1280,8,1,16,1
718,1,30,93,3,12,662,997,1601,10,9,12,1
991,2,12,158,5,6,1209,1678,2014,11,9,10,2
1551,4,51,88,5,6,1738,1995,3844,11,8,4,3
1841,6,14,167,8,8,593,672,2304,7,1,18,2
1108,14,2,169,7,20,208,1742,1229,5,3,4,0
1065,0,21,158,5,3,760,1722,1193,16,13,20,1
1487,6,57,84,3,12,140,768,2563,18,4,14,2
1843,13,16,134,6,18,118,580,3213,15,14,15,3
1590,3,21,160,5,18,920,963,1701,11,4,4,1
563,2,41,145,5,6,1263,1716,2603,11,2,9,2
1308,8,46,199,1,12,275,989,488,5,3,9,0
1348,0,43,116,5,6,204,501,3914,10,3,8,3
894,1,50,199,3,14,1285,1462,3615,13,0,6,3
1015,5,12,102,3,14,335,679,2293,5,1,2,1
1382,7,13,199,2,18,612,719,2073,16,7,9,1
1901,5,41,131,2,17,3,1662,368,5,1,12,0
983,0,53,187,1,4,1001,1176,1389,17,8,8,1
1678,3,64,134,3,11,436,536,278,19,0,10,0
1880,4,18,138,3,5,71,699,3333,17,15,7,3
627,3,12,131,7,17,447,819,2476,17,1,10,1
652,1,58,142,3,2,464,781,565,18,12,9,0
1236,6,32,143,4,18,492,1403,942,16,12,14,0
1699,16,21,156,4,20,105,1099,1181,16,0,18,1
841,8,39,199,6,13,546,828,2942,11,5,16,2
899,3,53,192,4,11,641,1638,2870,19,16,10,2
1567,3,22,153,3,19,190,1326,3991,15,2,10,3
1678,11,7,192,1,14,418,1763,574,5,3,19,0
1090,5,27,91,4,16,1638,1910,1352,5,1,11,1
1664,9,15,177,7,19,1178,1929,1968,12,7,9,2
1816,0,50,186,5,2,800,1089,3637,11,7,16,3
1061,3,52,109,7,4,138,1330,999,16,12,9,0
1656,8,38,105,7,17,506,519,1499,12,8,19,1
1023,2,63,153,7,8,367,1985,3155,11,10,7,3
925,9,56,196,1,14,1262,1520,2466,8,0,5,2
955,2,2,155,4,10,428,1254,1974,14,1,18,1
1614,1,9,161,3,2,173,1219,1832,15,8,11,1
1538,6,13,121,7,7,567,986,1494,18,10,12,1
600,0,14,112,5,2,320,747,1655,18,0,9,0
1715,0,12,94,8,6,1224,1676,1633,15,10,5,2
721,10,16,125,1,18,408,1862,1713,10,3,4,1
990,3,15,153,2,7,1466,1717,2698,11,8,6,2
574,1,30,126,2,3,94,1334,1167,5,3,19,0
1150,4,27,134,1,17,234,1947,1610,11,0,16,1
1849,1,29,181,7,12,978,1986,3330,14,4,15,3
1938,5,44,121,2,9,1299,1935,3497,18,10,18,3
1897,2,54,154,2,7,630,738,412,17,11,2,0
765,0,18,153,7,0,6,793,1066,11,1,16,0
1217,3,17,182,4,13,628,632,1711,7,3,9,1
1472,4,20,169,2,6,443,892,797,6,1,11,0
1884,7,43,185,1,18,451,819,3619,14,8,7,3
753,11,48,121,8,20,606,1316,3484,11,10,16,3
956,1,41,143,7,6,511,1075,3286,17,8,12,3
1177,1,29,191,2,8,178,882,311,18,5,19,0
1128,9,46,135,8,10,751,1582,1434,5,0,11,1
1869,0,30,152,1,13,163,874,1375,15,3,19,1
1723,1,42,164,8,14,202,1791,3587,10,5,3,3
1117,0,31,146,2,7,1258,1627,2003,8,7,14,2
727,0,64,193,1,9,664,711,3654,9,1,16,3
728,0,25,88,4,1,526,1529,2039,5,1,12,1
1604,1,6,191,6,15,68,1042,3564,7,2,2,3
1195,1,20,110,2,14,1580,1652,504,9,3,12,0
1799,0,49,107,4,2,632,1383,720,12,2,11,0
1337,13,31,186,2,20,48,644,2180,7,4,16,1
832,1,34,108,5,5,311,1294,447,15,13,12,0
1919,5,48,150,4,6,304,1191,1391,19,13,12,1
1702,8,2,185,6,19,921,1351,435,12,9,3,0
1175,1,45,167,2,7,90,557,2240,10,6,5,1
817,0,11,144,3,11,722,766,2039,11,6,19,1
1830,0,7,191,6,12,460,1583,2334,8,7,14,2
1890,4,48,127,4,5,1438,1832,2392,10,4,15,3
531,10,63,189,7,14,145,1903,2958,17,1,19,2
1830,7,47,117,1,11,1191,1882,3362,13,10,11,3
1054,10,38,136,6,12,1097,1222,1675,18,4,14,1
882,9,28,151,6,16,248,884,751,19,11,8,0
823,13,60,148,8,19,822,1449,905,14,11,17,0
1783,2,42,104,6,8,1081,1979,387,14,5,3,1
1791,1,33,110,5,4,371,682,594,17,8,16,0
1158,1,29,123,2,20,311,1796,1542,17,9,15,1
574,0,26,118,6,2,382,1364,1303,8,4,2,0
880,2,6,198,4,19,632,660,3006,6,4,3,2
1322,6,7,140,3,9,177,1990,1418,19,17,12,1
1856,0,24,155,5,1,277,1155,2052,17,6,10,2
984,3,9,140,3,20,531,707,841,18,15,16,0
1345,7,38,162,3,11,512,1465,1322,9,2,15,1
1147,11,28,158,6,13,1085,1134,2627,18,3,15,2
1836,0,30,184,7,15,276,1230,3072,7,3,5,3
832,1,5,165,5,2,9,1944,3946,12,5,14,3
908,1,44,95,5,2,154,941,3518,16,12,7,3
1713,9,5,199,6,16,108,1963,1513,15,6,2,1
1150,0,39,151,8,1,397,800,999,6,2,11,0
838,1,13,196,8,4,984,1850,3554,10,9,19,3
603,0,64,156,6,0,1842,1968,604,10,4,8,0
1698,10,26,105,2,18,485,1819,1656,5,3,17,2
811,5,2,106,6,13,333,1429,2111,18,7,2,1
1034,2,45,190,3,4,182,1293,969,15,1,7,0
816,2,9,117,1,3,1196,1651,3851,10,3,14,3
1072,6,19,114,8,16,380,877,2715,15,9,16,2
582,3,27,168,3,10,985,1420,2437,19,2,2,2
1689,11,9,150,5,15,467,675,2637,8,4,3,2
1577,0,42,197,5,4,1045,1737,2060,19,6,12,2
1578,2,37,138,4,19,411,1226,2458,19,16,3,2
1959,5,18,191,6,20,65,1055,619,7,4,8,0
1530,11,42,177,6,13,454,1975,725,11,10,19,0
1747,4,13,185,6,12,800,873,3105,7,1,10,3
1182,7,8,138,8,16,275,986,2563,19,17,19,2
1224,16,6,109,6,18,747,826,506,10,0,11,0
1804,9,22,153,7,19,1158,1244,3472,9,1,20,3
1493,13,53,102,5,16,240,1414,2083,19,15,20,2
1142,6,6,190,8,8,534,855,663,12,4,5,0
844,1,22,197,7,2,777,1995,3154,14,11,7,3
1914,1,35,118,8,2,942,1701,643,17,1,8,1
1997,1,40,185,4,8,866,1212,1655,7,6,15,2
1835,4,11,193,7,13,385,583,448,18,17,14,0
802,1,45,157,3,9,1299,1633,3713,8,3,8,3
1023,5,30,80,8,7,5,1744,2086,10,0,19,1
1136,15,32,150,6,19,961,1030,3210,10,3,8,3
1619,2,21,138,1,9,46,562,1641,7,2,13,1
507,0,39,142,1,0,17,1084,2124,6,0,12,1
1800,2,8,100,7,6,400,823,3481,10,8,8,3
1864,2,57,181,6,6,1279,1793,3586,19,9,8,3
1929,0,19,163,6,2,349,1051,1913,12,7,6,1
921,1,60,83,2,3,1211,1229,1080,10,0,6,0
966,8,34,118,2,10,214,1523,3534,18,17,11,3
950,6,55,124,8,7,86,1681,1305,6,5,4,0
1583,0,14,148,2,4,1171,1673,2498,13,6,8,2
840,0,63,137,7,19,987,1081,3486,12,8,18,3
928,11,56,80,8,13,221,1243,666,19,10,5,0
1332,5,7,168,7,19,846,855,2790,19,11,10,2
907,3,42,151,1,16,171,507,584,11,9,6,0
685,7,17,174,6,20,725,870,1223,8,0,18,0
1248,6,9,89,3,8,71,1686,2454,9,8,13,2
600,1,48,191,3,7,501,1465,3393,12,7,8,2
761,9,3,196,7,15,1325,1945,2248,19,3,15,2
1559,6,6,162,6,17,179,1559,3352,9,1,3,3
1911,7,64,163,8,8,1795,1958,3872,9,8,11,3
1261,0,11,90,4,0,858,1591,348,14,9,14,0
767,4,28,175,4,10,344,1517,527,10,0,15,0
1958,0,4,190,2,3,304,637,1409,16,5,3,1
1807,0,38,97,8,0,1332,1814,1069,7,6,7,1
896,3,4,111,1,4,1379,1469,1060,12,10,4,1
1162,0,50,104,4,10,332,866,1404,10,3,15,1
1219,0,17,196,5,4,473,1022,705,11,3,6,0
689,3,7,147,2,6,487,722,1241,9,0,16,0
1436,0,42,124,8,1,1826,1836,2736,12,5,19,3
880,1,50,194,7,3,1116,1381,827,15,9,6,0
1528,3,55,129,5,6,454,1762,1282,11,9,11,1
1174,1,25,91,2,8,1097,1461,285,19,7,3,0
994,4,40,164,2,17,296,839,3104,17,7,11,2
1786,9,58,161,7,10,231,1671,2764,9,3,7,3
616,13,44,81,3,17,651,1618,3366,18,8,13,3
1163,6,2,133,5,20,919,1076,1568,14,0,19,1
1563,0,24,170,8,0,142,1699,3660,7,5,5,3
616,3,21,150,7,4,347,513,3267,17,9,19,2
1811,3,22,82,2,8,358,614,2847,9,2,4,2
1054,3,40,196,7,10,27,774,2296,16,12,12,1
1157,7,27,88,8,8,1694,1798,2885,8,4,2,3
1213,0,16,108,5,0,226,1248,2700,12,3,9,2
1003,16,16,119,8,19,190,1905,1798,16,7,10,1
797,0,37,144,7,2,206,1167,2216,9,5,6,1
827,2,18,160,2,16,448,821,1663,14,0,17,0
1837,9,36,162,4,20,786,872,770,14,1,15,0
1122,0,28,184,3,4,1578,1963,1402,14,10,3,1
1028,1,30,193,1,10,1801,1923,1424,18,4,13,1
530,1,32,88,6,20,48,1012,959,17,7,6,0
852,6,54,147,5,7,538,730,1275,13,7,12,0
1366,5,53,161,5,9,647,1876,3869,17,5,14,3
1347,8,53,108,6,15,961,1008,3836,15,3,14,3
1414,0,49,101,4,1,130,887,2290,13,0,12,1
1027,0,63,102,5,4,152,714,1732,8,5,13,1
1285,1,51,140,7,2,475,500,2094,8,0,10,1
1702,12,47,107,2,19,1284,1643,595,10,0,19,1
869,3,34,104,2,4,478,539,3864,13,3,11,3
1726,2,51,193,4,3,379,1223,2239,13,9,13,2
1398,8,26,150,1,12,755,1284,3488,14,3,11,3
1300,5,62,156,6,7,219,1037,874,15,3,10,0
1709,8,58,136,2,10,956,1292,1781,18,3,17,2
1874,1,19,192,2,9,1238,1418,1218,15,10,17,1
1987,0,50,119,8,18,960,1925,857,12,4,6,1
1065,4,48,162,6,8,1188,1948,265,8,0,12,0
539,6,26,137,6,8,1123,1709,3948,18,11,15,3
1936,2,44,139,3,3,570,1021,1400,17,7,3,1
513,6,44,186,4,12,619,867,1343,5,1,9,0
614,3,24,94,4,7,409,603,1930,13,12,4,1
510,0,33,110,6,10,1052,1897,1693,6,2,5,1
561,7,2,193,3,13,1055,1294,665,10,0,4,0
599,0,64,186,8,1,103,646,3396,5,3,7,2
1083,1,64,178,3,11,1025,1118,3210,13,3,4,3
1049,9,63,135,5,17,199,1077,1022,11,3,13,0
1592,6,50,181,2,17,510,522,2103,19,8,7,1
548,0,56,146,4,14,657,1657,562,17,14,8,0
509,2,9,93,5,15,1137,1224,513,19,10,12,0
1424,0,20,180,5,0,181,1199,2658,15,0,19,2
658,0,12,103,7,3,1156,1750,3587,14,11,20,3
1035,2,44,99,3,3,236,1960,3506,14,5,12,3
1510,11,47,138,2,13,118,1170,887,18,6,5,0
1349,3,46,134,6,12,212,623,2367,11,7,10,1
1793,10,12,169,6,17,1086,1418,3533,16,14,15,3
1190,9,47,186,6,10,1417,1441,624,9,3,19,0
1319,3,41,107,1,18,85,1152,2227,18,5,3,1
1106,4,54,107,3,9,614,1212,2674,9,3,9,2
1522,4,21,162,6,11,533,1696,3767,15,9,16,3
1320,7,48,168,5,16,103,1583,2893,8,5,9,2
965,1,13,197,8,2,645,1275,2343,17,12,15,2
1154,12,14,156,7,14,251,1801,587,8,3,4,0
691,4,33,108,4,8,951,962,424,5,3,15,0
891,9,25,196,2,19,375,1724,2073,7,1,10,1
1924,3,63,111,2,10,122,686,3423,13,3,19,3
970,5,59,84,7,19,1765,1786,3675,12,0,12,3
1864,0,7,142,1,2,225,1545,2258,10,1,10,2
1039,8,47,130,8,9,384,1878,1742,18,12,15,1
1496,13,38,126,4,14,501,506,1927,17,4,6,1
582,8,32,107,3,11,1043,1702,2977,6,1,20,2
516,0,39,91,5,7,855,1401,819,8,0,10,0
1720,15,55,168,2,18,753,1353,2148,14,2,5,2
694,15,36,193,4,20,983,1230,3676,12,8,5,3
1980,2,29,177,1,13,312,1910,3865,12,10,18,3
659,0,24,151,8,2,924,1877,3925,8,1,10,3
569,0,41,124,1,1,388,605,2651,17,7,4,1
1703,5,23,92,6,7,134,521,793,7,3,17,0
797,4,18,81,8,20,888,1466,2052,9,3,14,1
1751,6,8,178,6,20,170,564,2969,8,6,17,2
1725,6,6,119,2,18,609,1307,3429,6,5,4,3
1657,3,42,198,5,16,1770,1796,2597,18,1,14,3
1628,11,56,136,2,13,500,1713,3358,17,11,12,3
1707,0,41,80,7,2,1331,1388,1774,12,0,10,2
1191,6,46,89,6,9,42,807,824,19,18,7,0
1983,6,27,125,1,11,370,1197,3897,12,10,10,3
1237,7,13,98,4,12,18,1004,2528,11,8,16,2
1331,0,16,165,2,7,1109,1226,1026,13,5,20,1
1741,0,14,143,8,0,730,1895,3387,11,3,3,3
1368,10,50,97,7,18,698,829,2496,13,6,5,2
885,0,15,103,7,0,769,802,1410,16,10,5,0
1569,4,54,190,4,6,371,665,3905,6,2,4,3
1974,9,10,145,6,12,530,1496,1433,6,1,17,1
1136,0,9,150,6,2,1307,1767,2110,9,5,16,2
512,7,15,83,3,15,249,1849,2610,18,14,15,2
581,5,56,180,2,10,523,565,354,10,4,13,0
1356,0,35,131,1,19,782,951,3451,5,2,17,3
1112,1,53,121,4,16,234,739,3655,7,3,20,3
1175,2,19,164,7,9,873,1394,1944,9,4,9,1
948,14,22,173,5,20,257,1654,3499,11,7,19,3
534,4,2,85,5,16,911,1220,2466,5,3,18,2
1095,0,44,103,4,5,838,1066,3209,13,11,8,3
586,1,57,188,2,5,1226,1389,3646,15,4,11,3
1607,6,20,192,2,8,776,1005,885,11,1,14,0
1433,8,27,153,7,12,1619,1651,3900,18,16,2,3
1266,0,5,95,6,9,1365,1698,1687,11,0,18,2
1127,5,57,163,1,13,928,1049,2048,11,5,17,1
718,10,59,113,6,13,1185,1387,1824,11,9,3,1
625,12,33,191,1,20,431,550,3801,10,6,2,2
767,16,19,185,6,17,271,1000,2445,6,1,6,1
1312,0,28,163,2,0,1233,1854,1087,17,16,14,1
1927,3,11,190,8,12,491,1506,2916,16,11,18,3
571,5,58,101,6,11,31,1536,555,19,10,11,0
1933,1,16,154,3,9,229,1473,838,14,2,18,0
1202,0,19,122,2,1,404,1742,595,19,0,3,0
1281,0,28,148,1,6,1285,1617,1129,12,1,6,1
1130,0,27,101,1,8,1495,1579,315,14,5,11,0
1063,2,48,128,5,4,127,683,2910,15,13,9,2
1994,2,7,146,8,7,447,1435,3622,7,0,20,3
508,1,50,82,5,9,102,1195,2175,14,4,14,1
1110,1,42,192,5,2,1179,1262,456,12,8,18,0
1172,0,27,164,1,3,607,1092,1477,12,0,6,1
1456,9,39,80,8,10,815,1666,3998,6,3,13,3
1325,0,13,133,4,8,1353,1915,3707,19,3,18,3
1956,0,37,87,3,2,185,776,1109,13,1,19,1
1180,0,27,90,6,1,168,540,348,7,5,19,0
1722,7,25,88,6,19,1179,1638,2376,5,1,19,3
1908,9,30,111,2,19,140,1046,2944,19,17,17,3
1846,1,19,159,1,2,83,773,1333,15,6,11,1
1576,0,20,148,3,0,410,1551,1379,17,1,16,1
854,2,30,125,8,5,518,1152,2889,5,2,11,2
1775,3,41,163,1,7,1633,1869,2343,19,13,14,3
1356,0,29,198,6,0,1612,1983,3702,17,0,19,3
1842,7,56,179,4,10,783,1227,3721,16,11,4,3
946,9,26,186,6,10,273,891,1637,7,3,6,0
1558,0,27,146,1,1,120,1409,3598,9,2,12,3
1552,6,13,123,6,9,269,1026,2403,9,2,9,2
957,0,4,160,2,0,38,1682,1898,12,4,3,1
1424,16,23,80,4,18,1399,1663,1053,14,11,16,1
1445,2,37,82,2,6,527,1393,3480,17,16,17,3
1002,1,45,180,7,7,948,1007,1234,19,13,18,0
1519,0,32,200,1,10,168,1239,2912,11,10,15,2
712,6,27,86,2,11,1245,1309,2001,11,10,12,1
1165,11,41,178,6,12,564,831,764,19,12,15,0
1504,12,34,142,8,15,507,973,2806,7,2,7,2
1318,1,45,136,2,7,183,661,755,18,3,9,0
1310,6,57,135,8,9,449,889,1175,16,0,8,0
920,5,25,115,7,14,209,1078,785,10,7,5,0
564,1,8,130,2,3,853,1737,2227,9,2,14,1
1793,12,44,175,5,17,655,1459,2803,19,9,6,3
1451,5,57,181,8,12,812,1456,3038,15,7,18,3
1343,5,14,81,8,10,1063,1205,462,18,7,11,0
1533,18,17,160,4,20,1054,1393,2520,8,2,11,2
520,0,31,145,6,14,264,519,2753,13,7,17,1
1867,0,9,191,6,3,712,1442,990,6,1,2,1
867,0,57,159,4,0,289,724,2157,8,6,18,1
612,1,20,179,8,6,1145,1487,3282,16,2,18,3
1702,7,36,177,5,9,1240,1931,1430,8,6,10,2
1210,9,57,111,4,20,329,1039,1886,16,0,17,1
1561,10,4,134,2,13,885,1811,1783,13,12,10,2
681,12,17,194,5,19,371,1702,2548,6,1,5,2
846,0,58,123,4,15,1140,1983,2248,16,8,13,2
1654,1,11,146,7,2,1184,1719,1070,8,1,14,1
1278,1,54,104,8,16,581,750,1155,7,1,20,0
999,11,56,165,4,13,342,1641,3083,8,4,11,2
1957,18,36,151,2,19,1194,1727,1115,16,2,18,1
